"Category","Title","URL","Description"
"Frequently Updated AI Resources","Frontier AI Lab Tracker","https://cleverhack.com/frontier-ai-lab-tracker","Tracking 2026 daily news headlines about notable frontier AI labs including Anthropic, Google DeepMind, OpenAI, Meta, Mistral, NVIDIA, Xai, Alibaba, Cohere, and other emerging labs. Includes an AI lab directory with career page links and social URLs."
"Frequently Updated AI Resources","Frontier AI Lab News","https://cleverhack.com/frontier-ai-lab-news","2026/2025 Headline archive page of recent AI lab news covering Anthropic, OpenAI, DeepMind, Meta, Mistral, NVIDIA, Xai, Cohere, and more."
"Frequently Updated AI Resources","Neolab and Emerging AI Lab Tracker","https://cleverhack.com/neolab-and-emerging-ai-lab-tracker","A 2026 directory of neolabs, stealth labs, and emerging AI labs worldwide."
"Frequently Updated AI Resources","Frontier AI Interesting News","https://cleverhack.com/frontier-ai-interesting-news","Older interesting Frontier AI headlines that may have scrolled off of the timeline."
"Frequently Updated AI Resources","The Great Frontier AI Lab Product War Is Just Beginning","https://cleverhack.com/the-great-frontier-ai-lab-product-war-is-just-beginning","Frontier AI labs such as OpenAI, Anthropic, and Google DeepMind are looking beyond intelligence (models and APIs) and toward actual products people use daily. Includes a list of recent AI lab product announcements."
"Frequently Updated AI Resources","AI Coding Landscape","https://cleverhack.com/ai-coding-landscape","A 2025/2026 list of known AI coding models, AI coding agents, AI CLI tools, open source tools, AI IDEs, AI coding benchmarks, and more."
"Frequently Updated AI Resources","The Urgency of Open Source AI","https://cleverhack.com/the-urgency-of-open-source-ai","Includes a timeline of recent 2025/2026 open source model releases, open source license definitions, and additional open source AI resources."
"Frequently Updated AI Resources","Global AI Regulations: A Comprehensive Roundup","https://cleverhack.com/global-ai-regulations-a-comprehensive-2026-roundup","A 2025/2026 timeline of international government and US state-level legislative developments about AI."
"Frequently Updated AI Resources","A 2026 list of Startup Accelerators, Incubators, Residencies and Other Programs","https://cleverhack.com/2026-ai-startup-founder-resources","Resources for up-and-coming AI startup founders."
"Frequently Updated AI Resources","Awesome AI Market Maps repository","https://github.com/joylarkin/Awesome-AI-Market-Maps","A curated repository of 2025/2026 AI Market Maps by top VCs, industry analysts, and others."
"Articles and Analysis","AI Market Maps: Curated Intelligence from Leading VCs, Analysts, and Practitioners","https://cleverhack.com/ai-market-maps-curated-intelligence-from-leading-vcs-analysts-practitioners","Curated 2025/2026 AI market maps since finding current AI market maps once meant hunting through individual VC blogs, analyst publications, scattered Substack newsletters, and Medium posts."
"Articles and Analysis","What Artificial Intelligence trends I'm keeping an eye on for H2 2025","https://cleverhack.com/artificial-intelligence-in-h2-2025","Keeping an eye on AI agents, AI lab productization, and AI hardware in H2 2025."
"Articles and Analysis","The challenges of building agentic AI systems for business use cases","https://cleverhack.com/challenges-agentic-ai-for-business","Some clear go-to-market patterns to take advantage of when selling AI agents."
"Articles and Analysis","Anthropic's Claude Plays Pokémon!","https://cleverhack.com/anthropic-claude-plays-pokemon","Instead of a game, think of the other ways — AI agents, workflows, apps — where we can harness reasoning to help us perform a series of ongoing actions."
"Articles and Analysis","Want a quick object lesson in developer communications gone wrong?","https://cleverhack.com/developer-communications-gone-wrong","Why the use of unclear language in developer communications — even in an informal social media post — is a problem."
"Articles and Analysis","DeepSeek proves why society and policymakers need to understand how LLMs are integrated into technology","https://cleverhack.com/deepseek-proves-why-society-needs-to-understand-llms","Society and policymakers need to understand large language models and other AI technologies."
"Articles and Analysis","If you have AGI, why sell it through an API?","https://cleverhack.com/if-you-have-agi-why-sell-it-through-an-api","Intelligence should be easy to integrate into workflows and applications."
"Articles and Analysis","If AI development stopped today","https://cleverhack.com/if-ai-development-stopped-today","If AI development stopped today, we would still need 5-10 years to utilize the advancements."
"Articles and Analysis","What I'm seeing in AI Go-To-Market","https://cleverhack.com/what-im-seeing-in-ai-gtm-fall-2024","About market accessible AI products, prospects may not have a clear idea of what they want, and the chance of failing AI PoCs."
"Additional AI Resources","AI Coding Landscape repository","https://github.com/joylarkin/AI-Coding-Landscape","A repository listing AI coding models, AI coding agents, CLIs, IDEs, AI app builders, open source tooling, and more."
"Additional AI Resources","Claude Code Clawd gif","https://cleverhack.com/clawd-claude-code-gif","Claude Code's Clawd in action as a gif."
"Additional AI Resources","OpenClaw Security News repository","https://github.com/joylarkin/openclaw-security-news","A collection of news headlines about OpenClaw Security for AI builders, developers, and investors."
"Additional AI Resources","My AI Resource List repository","https://github.com/joylarkin/My-AI-Resource-List","A useful opinionated repository of Artificial Intelligence ecosystem resources listing AI event calendars, AI papers, AI articles, AI videos, AI tools, AI leaderboards, and much more."
"Additional AI Resources","An AI Glossary","https://cleverhack.com/ai-glossary","Key terms and definitions in Artificial Intelligence, Machine Learning, and more."
"cleverhack","Home - cleverhack dot com","https://cleverhack.com/2026","cleverhack home page"
"cleverhack","Archive - cleverhack dot com","https://cleverhack.com/archive","Article archive on cleverhack dot com"
"cleverhack","agents.md - cleverhack dot com","https://cleverhack.com/agents.md","cleverhack for agents"
"cleverhack","llms.md - cleverhack dot com","https://cleverhack.com/llms.txt","cleverhack llms.txt"
"About Joy Larkin","Joy Larkin","https://cleverhack.com/about","About Joy Larkin - Technologist, AI Marketing & Communications, AI GTM, AI Venture Capital and Startup Ecosystem, AI Developer Marketing, Developer Experience, Developer Comms, Community Builder For AI Developers and Engineers."
"About Joy Larkin","Joy Larkin's 2026 Speaking Engagements","https://cleverhack.com/speaking","Joy Larkin's 2026 Speaking Engagements - San Francisco, Silicon Valley, US, Europe, Worldwide, Online/Virtual."
"About Joy Larkin","LinkedIn: Joy Larkin","https://linkedin.com/in/joylarkin","Joy Larkin's LinkedIn"
"About Joy Larkin","Twitter: Joy Larkin","https://twitter.com/joy","Joy Larkin's Twitter"
"About Joy Larkin","GitHub: Joy Larkin","https://github.com/joylarkin","Joy Larkin's GitHub"
"About Joy Larkin","Hugging Face: Joy Larkin","https://huggingface.co/joylarkin","Joy Larkin's Hugging Face profile"
